"Region","mean","sd","q05","q10","q25","q50","q75","q90","q95","quartile_dispersion"
"South Asia",0.892982866,0.0172364671347504,0.8640298,0.8708028,0.8812715,0.8929175,0.90469525,0.9145433,0.9198721,0.0131154457382816
"North America",0.933824492,0.0126570585950376,0.91353635,0.9177798,0.92551125,0.9341425,0.9423665,0.9499465,0.9534409,0.00902374365774205
"Oceania",0.981706003,0.0148309789691772,0.9509142,0.9609863,0.976136,0.984101,0.99187575,0.9987042,1,0.00799779269610563
"Western Asia",0.993677096,0.00939374758882452,0.97281185,0.9824783,0.9899455,0.9983435,1,1,1,0.00505265093943531
"Latin America",0.920299142,0.0128728727614689,0.90069225,0.9052719,0.911254,0.9189435,0.92865175,0.9371725,0.9435296,0.00945578326498517
"Eastern Europe and Central Asia",0.992042941,0.0100212604811546,0.97516675,0.9802344,0.9865095,0.9953095,1,1,1,0.00679105737979107
"Western and Central Europe",0.979408275,0.0115404316520697,0.9597295,0.9644032,0.97253625,0.9799035,0.98788075,0.9939778,0.9972125,0.00782716126211922
"East Asia",0.936849148,0.0296496830538758,0.8844202,0.8971782,0.9174315,0.9405455,0.95770725,0.9725998,0.9806242,0.021478810568018
"Africa",0.989872273,0.00993512624227397,0.9708997,0.9753569,0.98382325,0.9921825,0.9990485,1,1,0.0076783836372675
